region,year,total_economically_active,total_in_employment,unemployed,employment_rate,total_economically_active_16_64,total_in_employment_16_64,unemployed_16_64,economically_inactive_16_64,economic_activity_rate_16_64,employment_rate_16_64,unemployment_rate_16_64,treated,RegionID
London,1993,3455554.6359166666,2983146.9101666664,472407.7257166666,55.414189819166666,3399061.388916666,2930255.775,468805.61391666665,1068913.3610833334,76.0763514825,65.583880815,13.7939052275,1.0,1
London,1994,3429850.4745833334,2984658.8609166667,445191.6136333333,55.364143504999994,3369476.5437499997,2927441.9775833334,442034.5661583333,1113806.1229166666,75.15659770833334,65.29611479333333,13.119007360833335,1.0,1
London,1995,3462754.04475,3049464.292,413289.7527666667,56.31125574083333,3406123.6778333336,2995529.1295,410594.5481,1107904.9888333334,75.45582265333333,66.35963350166666,12.055237140833334,1.0,1
London,1996,3491407.587,3092815.2294166666,398592.35752500006,56.68837345833333,3438167.5969166667,3043569.416583333,394598.1800666666,1122275.9864166665,75.39108707666666,66.73835666416666,11.477239572499998,1.0,1
London,1997,3533705.1025000005,3190473.9500833335,343231.1522083333,58.1255572225,3483229.5093333335,3142867.0300833336,340362.4792,1117039.4073333333,75.71838724999999,68.31875583583333,9.772471143999999,1.0,1
London,1998,3540397.4726666664,3250498.5822499995,289898.89054166665,58.756458664166665,3487077.067166667,3199459.812666667,287617.25435833336,1162114.0161666668,75.00251287833333,68.81494555916667,8.251481900666667,1.0,1
London,1999,3661985.4403333333,3386705.6779166665,275279.76255,60.33863529083334,3605528.1925000004,3333098.4335,272429.75888333336,1131626.1408333334,76.11218026916667,70.36032575750001,7.556951410916667,1.0,1
London,2000,3695315.14275,3430235.663583333,265079.4792916667,60.160866883333334,3637600.5903333332,3374638.378583333,262962.2118583333,1194938.0763333335,75.27580919083333,69.83325546166667,7.228897196416667,1.0,1
London,2001,3752285.822,3504620.1058333335,247665.71629166664,60.494003395,3696594.13325,3449795.250833333,246798.882625,1230203.5334166668,75.02988321833332,70.02102144,6.675107107333333,1.0,1
London,2002,3780045.48,3519552.0435833335,260493.43626666666,60.225251829166666,3723170.8854166665,3465082.3476666664,258088.53780000002,1257540.03125,74.7520956925,69.5701408325,6.932020597,1.0,1
London,2003,3776825.149083333,3507813.1223333334,269012.02681666665,59.838376833333335,3719121.8288333337,3452142.1648333333,266979.6641,1283518.6711666666,74.34296491583333,69.0061693275,7.17849742375,1.0,1
London,2004,3784183.945083333,3517142.3090833332,267041.63594166667,59.649110442499996,3725643.288583333,3461129.1831666664,264514.1052,1315390.2114166666,73.90740345916667,68.66034082833333,7.100095014416667,1.0,1
London,2005,3827875.636833334,3558406.3955833334,269469.2414416667,59.67788345916667,3760888.273,3494222.58525,266665.6877833333,1349114.6436666667,73.59866541666666,68.38056711833333,7.089787375333334,1.0,1
London,2006,3936424.0409166664,3632124.6395,304299.40140000003,60.23516875916667,3858395.0253333333,3556264.4386666664,302130.5866916667,1323797.2246666667,74.45402664083333,68.62425670416667,7.82919103875,1.0,1
London,2007,3971934.19025,3694191.0286666662,277743.16155,60.50302589583333,3899751.6871666666,3624230.62625,275521.06063333334,1360253.0628333334,74.14005449583333,68.90080329166666,7.066045476916667,1.0,1
London,2008,4105938.66275,3811381.9985,294556.6643333333,61.491406248333334,4030928.7117500002,3738134.6925000004,292794.0193166667,1317264.03825,75.36914366250001,69.89543886333333,7.2624547585,1.0,1
London,2009,4149551.4141666666,3782106.1781666665,367445.2360333333,60.062047181666664,4068675.2522500004,3704188.1106666666,364487.1416083334,1369915.0810833334,74.81299551333333,68.11274013166667,8.959638991416666,1.0,1
London,2010,4204891.954583333,3815338.567,389553.3875916667,59.68591167416667,4126227.6593333334,3740297.9664166667,385929.69265833334,1397175.0906666666,74.70298332166668,67.71609666916667,9.352494534583334,1.0,1
London,2011,4300536.434166667,3873950.905166667,426585.52911666664,59.5855020825,4212211.3065,3791343.778333334,420867.5280666666,1406716.9435,74.96547650916666,67.47632339416667,9.99108127375,1.0,1
London,2012,4366902.164666667,3958691.8265,408210.33814166667,60.19116475083333,4266944.383166666,3861277.9415833335,405666.4414666667,1402673.7001666666,75.25843479833334,68.10256930666667,9.512493158333333,1.0,1
London,2013,4490073.130333333,4099861.2843333334,390211.84595,61.634493820833335,4383641.694166667,3996030.9040833334,387610.7900916667,1338250.5558333334,76.61080019833334,69.8362383675,8.843770143333334,1.0,1
London,2014,4596369.8730833335,4271138.84725,325231.02581666666,63.375913197500005,4471249.945416667,4151557.409166666,319692.53635833337,1316644.47125,77.25243482916666,71.72718521416667,7.15096748025,1.0,1
London,2015,4666097.534750001,4372821.554416667,293275.980175,64.01167810416666,4531616.761333333,4242840.147249999,288776.61419166665,1329677.072,77.31347818833332,72.38669594,6.372423912666666,1.0,1
London,2016,4744010.39475,4467952.088916667,276058.30569999997,64.72375534583334,4611063.901916667,4337782.663166666,273281.238725,1303451.1814166666,77.96163810916666,73.34088669166667,5.927061244250001,1.0,1
London,2017,4804275.092333334,4547852.392583334,256422.69978333334,65.43126719,4656772.295583333,4403247.164166667,253525.13145833334,1286928.53775,78.347845355,74.08179421083334,5.4461924,1.0,1
London,2018,4893981.189583333,4659568.557666667,234412.6322,66.1799248275,4735405.808083333,4504202.765166666,231203.04309166665,1280190.02525,78.71907576583334,74.87512976583334,4.882967307083333,1.0,1
London,2019,4901471.571833334,4684858.200416666,216613.37125,65.867406965,4755786.287083333,4544246.52975,211539.75725,1311559.3795833334,78.38320052333333,74.89668611666666,4.44852037325,1.0,1
London,2020,5065859.227666667,4785792.0025,280067.22525,66.775506585,4887182.813916666,4614825.715666667,272357.0982,1214721.2694166668,80.09259255083333,75.63010481416667,5.570969427166666,1.0,1
London,2021,5072318.93625,4757222.819833334,315096.11634166667,65.95030885999999,4896590.990583333,4589809.944999999,306781.0456333333,1231935.7594166666,79.898577995,74.8917057325,6.265246766333333,1.0,1
EastMidlands,1993,2035863.227,1855649.4413333333,180213.78564166665,58.44721184583333,2006982.6114166668,1827478.90775,179503.70345,558422.7220333334,78.23270214666667,71.23546034583333,8.94286686125,0.0,2
EastMidlands,1994,2010359.9633333331,1843664.6987500002,166695.2648,57.90204838,1981242.9586666666,1815210.9519999998,166032.00666666668,589480.9580666666,77.06951938666667,70.61099214416667,8.380243984166666,0.0,2
EastMidlands,1995,2037758.0221666666,1890815.8800833335,146942.14218333332,59.10872130916667,2007609.64875,1861312.38925,146297.259475,573022.8512833334,77.79486799916667,72.12555588583334,7.288737476416666,0.0,2
EastMidlands,1996,2066217.8603333335,1917816.8703333333,148400.98993333333,59.64809179083333,2033734.081,1887674.1224166667,146059.95850833334,558760.6690666667,78.4468176125,72.8126740675,7.182633503583333,0.0,2
EastMidlands,1997,2063710.3875,1944933.2968333333,118777.090725,60.23956461833333,2030020.9606666667,1913664.43625,116356.52451583334,571894.3726833333,78.02053674083334,73.54821424416666,5.730056517583333,0.0,2
EastMidlands,1998,2071282.6175833333,1966310.2855833333,104972.33188333333,60.65145839416667,2043650.43825,1939214.09575,104436.34242083335,567877.0617833333,78.25500351250001,74.25594463833333,5.110129987,0.0,2
EastMidlands,1999,2086689.5336666666,1975277.9105,111411.62299166666,60.632779237499996,2058101.8923333334,1947096.4799166666,111005.41241666667,567077.2743833334,78.39853469333333,74.17025042416667,5.39335135075,0.0,2
EastMidlands,2000,2094747.15825,1992017.8251666666,102729.333015,60.83496721,2063519.8763333333,1961133.8931666666,102385.98315333332,574668.1236333334,78.2181252825,74.33688644583333,4.960469955333333,0.0,2
EastMidlands,2001,2087628.5690000001,1988389.8318333335,99238.73717,60.288217269166665,2057573.564,1958883.3206666668,98690.24342,598304.5192166666,77.47193002666667,73.75589880166667,4.7969135315,0.0,2
EastMidlands,2002,2126305.64475,2027631.7947500001,98673.85001083334,60.8749466625,2094750.4813333333,1996523.24725,98227.23405500001,586787.5185416667,78.11655378583333,74.4537681975,4.6886315075,0.0,2
EastMidlands,2003,2137661.0875,2043780.6990833331,93880.38850083335,60.71701434083334,2097571.638333333,2004740.4156666668,92831.22263999999,612040.6949666667,77.4125777725,73.986854995,4.4252221255,0.0,2
EastMidlands,2004,2160386.44975,2068568.9009999998,91817.54868583333,60.76004905833333,2123691.5591666666,2033073.5515,90618.00756,617137.357575,77.48439514166667,74.1777797875,4.266775550666666,0.0,2
EastMidlands,2005,2208442.2719166665,2111871.49125,96570.78075749999,61.32803082833333,2169368.6075,2073693.7943333334,95674.81313583332,603987.7257416666,78.220489695,74.77088925916667,4.409738280833333,0.0,2
EastMidlands,2006,2272263.8794166665,2153097.2218333334,119166.65766666667,61.841079605000004,2225357.3335,2107546.968083333,117810.3655,580783.6663166666,79.30312109916666,75.10556778583333,5.293071575166667,0.0,2
EastMidlands,2007,2258787.5900000003,2138362.2895833333,120425.30039166666,60.769710087499995,2210917.2971666665,2091707.6123333334,119209.68485,623779.6195416666,77.99536509666667,73.78998974833333,5.3914827025,0.0,2
EastMidlands,2008,2283469.81725,2153144.3504166664,130325.46689166666,60.61070647166667,2233698.7610833333,2104081.581333333,129617.17960833333,620676.2389666667,78.25501275333333,73.71424061666666,5.802101564083333,0.0,2
EastMidlands,2009,2311027.773666667,2146635.071666667,164392.702025,59.92989115583333,2255493.3385833334,2093101.1134166669,162392.22520833332,611235.7448083333,78.6787423775,73.01409040916667,7.199763448083334,0.0,2
EastMidlands,2010,2281755.577416667,2107130.5399166667,174625.0375,58.31248743083333,2216245.0708333333,2044159.05,172086.02090833333,664253.3458666666,76.93978212833333,70.96587597,7.764225691916667,0.0,2
EastMidlands,2011,2322638.293666667,2138185.4006666667,184452.89283333335,58.725351247499994,2248932.4315833333,2067620.3430833332,181312.08843333332,640425.2351,77.83493578416666,71.55979931083333,8.06211200125,0.0,2
EastMidlands,2012,2314434.1138333334,2127491.584166667,186942.5296,58.039648989166665,2245870.3125833333,2060832.53075,185037.78175833332,639854.9374833334,77.8268607,71.41468179333333,8.23893033425,0.0,2
EastMidlands,2013,2308632.9274999998,2137904.2661666665,170728.66139166665,57.914390519166666,2234810.6375833335,2065429.752,169380.8856,651509.7790583334,77.42751687583333,71.55894612916667,7.5810135545,0.0,2
EastMidlands,2014,2349633.352,2211939.5256666667,137693.82611666666,59.41678294416667,2267320.435583333,2130704.077666667,136616.35775833332,628144.2312833333,78.30579125333334,73.58702064416667,6.027237859916667,0.0,2
EastMidlands,2015,2364055.2446666667,2253557.6439166665,110497.60075833334,59.999941694166665,2276854.157,2167279.4999166667,109574.65715833334,633276.842975,78.23914065333334,74.47359656333333,4.812433167583333,0.0,2
EastMidlands,2016,2393737.2753333333,2285359.938333333,108377.33700833334,60.27101707833333,2306734.6390833333,2200337.615833333,106397.02320833334,621830.6110416666,78.76581571,75.1328980525,4.612115080583333,0.0,2
EastMidlands,2017,2371393.405583333,2274582.6021666666,96810.80352,59.488571495,2292985.671833333,2197618.9141666666,95366.75768083334,651731.5781333334,77.86815733166667,74.629599185,4.159085595,0.0,2
EastMidlands,2018,2403681.94675,2300393.9995833333,103287.94710083333,59.965866409166665,2312735.1504166666,2211278.0311666667,101457.11942,628502.5162583333,78.63135593416666,75.18183841166667,4.385661792083334,0.0,2
EastMidlands,2019,2462032.6135,2358493.7268333333,103538.886775,61.18537114583334,2361804.5800833334,2259642.1173333335,102162.46260000001,581738.6700083333,80.23657916833334,76.765772555,4.326506277916667,0.0,2
EastMidlands,2020,2451476.4004166666,2336268.2238333332,115208.17650416667,60.36081464583333,2356853.88175,2244033.229083333,112820.65291833335,588800.3680833332,80.01132078916667,76.18129236166666,4.791921282916667,0.0,2
EastMidlands,2021,2413412.1728333333,2304539.7156666666,108872.45718666667,59.33917333333333,2320525.941083333,2213797.26275,106728.67822333334,625344.64245,78.77242206583334,75.14898471166667,4.596284366666667,0.0,2
EastofEngland,1993,2646070.1441666665,2404624.33275,241445.81146666667,59.54128309083333,2600236.233,2361114.833166667,239121.39995833335,651592.8503416666,79.96226542583334,72.60880757833333,9.195747940333334,0.0,3
EastofEngland,1994,2648877.5069999998,2431221.5478333333,217655.95900833336,60.01537787666667,2604844.8074166668,2388922.8448333335,215921.9626,651342.6925583334,79.996793915,73.36538614583334,8.289162228916668,0.0,3
EastofEngland,1995,2658544.739,2459146.8409166667,199397.89778333335,60.38336793833333,2608129.3973333333,2410002.547583333,198126.84943333335,660702.6028583334,79.78796737833333,73.726738895,7.596255268416667,0.0,3
EastofEngland,1996,2658634.3941666665,2481997.3660833333,176637.02822500002,60.562984110833334,2609036.6611666665,2434300.75,174735.9113,677545.5887333333,79.38442852,74.06776928416666,6.697353125333333,0.0,3
EastofEngland,1997,2671763.1983333332,2513694.1859166664,158069.01246666667,60.88945933833333,2623071.916833333,2466451.7978333333,156620.11905833334,685783.4997583333,79.2736357925,74.53974468416668,5.9728690213333335,0.0,3
EastofEngland,1998,2699144.7891666666,2569121.963916667,130022.82530833333,61.77669344416666,2653930.629833333,2525420.0544166663,128510.5756,677304.4533833334,79.6683201525,75.81010851583333,4.842254202583333,0.0,3
EastofEngland,1999,2709710.805583333,2596243.657,113467.14841666666,62.02030133333333,2659439.6228333334,2546673.294583333,112766.32836666667,691831.6271083333,79.35619308166666,75.99112191333333,4.240486414916666,0.0,3
EastofEngland,2000,2742000.2915,2639108.32625,102891.96534166667,62.570294331666666,2689966.2465,2587642.2575,102323.9891275,684589.2535666666,79.71227434250001,76.6798838575,3.804733328333333,0.0,3
EastofEngland,2001,2788025.9594166665,2684719.9115833333,103306.0478325,63.20368970333333,2733968.313333333,2631780.09675,102188.21676166666,660455.4365666667,80.54322206416667,77.53298259333333,3.7377128733333334,0.0,3
EastofEngland,2002,2791988.2730833334,2686559.8825,105428.39067166667,62.77473146,2737185.077666667,2632595.5194166666,104589.55854166667,679225.4222083334,80.119165765,77.05797649666667,3.82117047925,0.0,3
EastofEngland,2003,2811906.719666667,2699123.7109999997,112783.0087,62.508684745000004,2750165.3554166667,2638296.2176666665,111869.137805,693607.2279333334,79.85867495583334,76.60973364,4.069262037916666,0.0,3
EastofEngland,2004,2853295.443916667,2750485.0305,102810.4134,63.1475577825,2787878.03525,2686710.18725,101167.84816583333,683294.2980833333,80.31570976,77.40139351916666,3.6286839572500003,0.0,3
EastofEngland,2005,2875321.1575,2759441.5123333335,115879.64521666667,62.63685000833333,2808995.1593333334,2694612.5185,114382.64101666666,702814.0906083334,79.98742212,76.73078245333333,4.071720556916667,0.0,3
EastofEngland,2006,2890838.4160833335,2752232.76275,138605.65335833334,61.837490833333334,2819158.0613333336,2682127.640583333,137030.4208,731150.6886666667,79.40651777083333,75.54671428583333,4.860823406833333,0.0,3
EastofEngland,2007,2910850.334666667,2773931.248,136919.08642500002,61.69145871916667,2838338.9994166666,2702445.4280833337,135893.57124166665,745861.4172916667,79.18970714666666,75.39820773416666,4.7881496490833335,0.0,3
EastofEngland,2008,2957743.590166667,2817847.8476666664,139895.74238333333,62.0171825925,2872124.9984166664,2733787.429916667,138337.56868333332,740773.1682416666,79.49642371833333,75.66779349333333,4.81536699975,0.0,3
EastofEngland,2009,2979610.1356666666,2794287.614833333,185322.52058333333,60.95051612333333,2904094.4576666667,2720462.018333333,183632.43915833335,728613.3757083333,79.94373987333334,74.8889396,6.323331280166666,0.0,3
EastofEngland,2010,2975766.570333333,2778032.513583333,197734.057075,59.955659069166664,2886846.7863333337,2690802.652583333,196044.13366666666,772217.7970333333,78.89542899083334,73.53760612333333,6.791175113916666,0.0,3
EastofEngland,2011,3038436.8969166665,2837187.3724166662,201249.52451666666,60.617298588333334,2940060.0710833333,2740158.1605833336,199901.910425,740674.6789,79.87676307666666,74.4459481625,6.7980137224999995,0.0,3
EastofEngland,2012,3068843.478,2861844.899083333,206998.57869999998,60.68819340333334,2948677.7285833335,2745178.0511666667,203499.677425,727769.9380583334,80.204530215,74.6693017675,6.901262596083334,0.0,3
EastofEngland,2013,3079184.9370833333,2886016.316,193168.621025,60.71613926,2954500.7358333333,2764313.850916667,190186.88490833333,725535.6809583333,80.28457864833332,75.1161445675,6.437382425583333,0.0,3
EastofEngland,2014,3107753.0419166666,2947124.1717499997,160628.87004166667,61.38711775083333,2979695.4544166666,2821687.2156666666,158008.23885,718999.6288416666,80.5605916275,76.2882491125,5.3035417035,0.0,3
EastofEngland,2015,3141529.262,3003970.352166667,137558.90974166666,62.008957577500006,3006808.43925,2871267.0500000003,135541.38921666666,712791.5607250001,80.83654131583333,77.192115965,4.509449179333333,0.0,3
EastofEngland,2016,3155683.7365833335,3033122.0598333334,122561.6768,62.150087255833334,3015449.1951666665,2894150.167416667,121299.02775833332,720383.3048666668,80.7170484075,77.47037495083333,4.023109047833334,0.0,3
EastofEngland,2017,3158036.087,3033300.6914166664,124735.3955,61.79969272416667,3030884.2438333333,2907307.939416667,123576.30432499999,715074.9228833333,80.9104776475,77.6114566,4.07794295025,0.0,3
EastofEngland,2018,3172579.5421666666,3067313.35175,105266.19032166667,62.06309240583334,3051243.97775,2948402.4872500002,102841.49051833333,707745.7723583333,81.1720190075,78.43581947083334,3.3702020388333334,0.0,3
EastofEngland,2019,3224870.79625,3124632.7984166667,100237.9977675,62.80807791,3072251.6815833333,2974989.55725,97262.12427916667,698779.6517916666,81.4700809,78.89093201333334,3.1658871552499996,0.0,3
EastofEngland,2020,3214377.897833334,3084560.251916667,129817.64594999999,61.66725526583334,3059675.0739166667,2932032.7824166664,127642.29139166667,720609.9261583333,80.9377443175,77.5614086575,4.17212351625,0.0,3
EastofEngland,2021,3223288.99875,3107559.2218333334,115729.77696583333,61.8354780875,3081665.4894999997,2969242.7193333334,112422.77045,705267.7603916667,81.37582453583333,78.40671695,3.6503570035,0.0,3
NorthEast,1993,1190638.9001666668,1037278.5329166666,153360.36745833335,51.29047503583333,1179275.7920833335,1026472.9305833332,152802.86171666667,455818.54116666666,72.12280523833333,62.7774992075,12.957629583333334,0.0,4
NorthEast,1994,1173857.0891666666,1028490.9250833333,145366.16405833335,50.996190873333326,1163243.1509999998,1018186.662,145056.48903333335,465069.5157416666,71.4380696525,62.529810585,12.468742597499999,0.0,4
NorthEast,1995,1171510.6429166666,1035764.27325,135746.36955833333,51.42587869416667,1159565.9401666666,1024005.29025,135560.6499,464363.39314999996,71.40523903916666,63.05767150416667,11.6923039125,0.0,4
NorthEast,1996,1179189.4240833332,1054446.93325,124742.49108333333,52.386939339166666,1168131.1988333333,1043480.7985833334,124650.40029166666,452447.46789166663,72.08098979916666,64.38943904166666,10.66973525275,0.0,4
NorthEast,1997,1170069.146,1060421.177,109647.96908666666,52.758888800833326,1160063.2601666667,1050702.1305,109361.12971916667,456289.239725,71.77033808666667,65.0046277725,9.42484761425,0.0,4
NorthEast,1998,1149057.5185,1050865.3494166667,98192.16906583332,52.3399344575,1136893.1139166667,1039099.2230833335,97793.89076583333,476310.1362083333,70.4740606125,64.41183490166667,8.60267623575,0.0,4
NorthEast,1999,1151627.0574166665,1042816.4321666667,108810.62523,52.0258390575,1139140.0540833334,1031074.889,108065.16493916667,469927.6960083333,70.79526613333333,64.07940664916667,9.489188967666667,0.0,4
NorthEast,2000,1170921.51225,1070053.2884166667,100868.22389750001,53.41005680999999,1159801.3974166668,1059551.1585,100250.23889583333,447091.1025166667,72.17675360083332,65.93793498166667,8.640724098083334,0.0,4
NorthEast,2001,1158428.11225,1072982.8848333333,85445.22744833333,53.455974633333334,1149987.3089166668,1065124.4555,84862.85317666667,458392.774625,71.49973447,66.22331262416667,7.37955428075,0.0,4
NorthEast,2002,1158955.6333333333,1080562.5870833334,78393.04627833334,53.627990788333335,1151012.8235,1073259.6414166668,77753.18211583333,462452.25979999994,71.33824746916666,66.51902573833333,6.753854773583334,0.0,4
NorthEast,2003,1159373.925,1084685.0998333332,74688.8252275,53.65460308583334,1148530.5168333333,1073956.7608333332,74573.75594833333,468492.73322500003,71.02706509833332,66.4152492425,6.493639113833333,0.0,4
NorthEast,2004,1182002.6216666666,1113216.1711666666,68786.45060916667,54.88221013166666,1166831.9815,1098219.2606666666,68612.72081333333,454649.93515833333,71.96067108166666,67.72937698083334,5.879002497666666,0.0,4
NorthEast,2005,1199168.3460000001,1124591.1419166666,74577.2043,55.162924145,1186181.6355,1112509.5893333333,73672.0461625,443948.78116666665,72.76603647083333,68.24707241916667,6.2097266197500005,0.0,4
NorthEast,2006,1227055.6468333334,1147453.646,79602.00087583333,56.01676663916667,1211198.74725,1132052.80475,79145.94259333333,427987.1692833333,73.89010675916667,69.06185834416667,6.535265724916666,0.0,4
NorthEast,2007,1236353.2624166666,1159821.3143333334,76531.94808083333,56.2781179275,1222178.8101666665,1146440.7805,75738.02984583333,427640.3562916666,74.07975171583332,69.48873474333334,6.197115699,0.0,4
NorthEast,2008,1246618.2976666668,1155727.8041666667,90890.49373,55.78636180749999,1225562.4700833333,1135435.7934166666,90126.67660333333,431717.696775,73.94994597083333,68.51235363666667,7.349488266583333,0.0,4
NorthEast,2009,1242408.473,1128801.5479166666,113606.92507499999,54.23542171416667,1220388.6145,1107218.5779166666,113170.03661166667,441229.7189,73.44576558,66.63528650333333,9.274902924000001,0.0,4
NorthEast,2010,1261188.5578333333,1141691.82925,119496.72870833334,54.54923314249999,1235879.9645833333,1117171.2094166668,118708.75522499999,430388.5353333333,74.17054244916666,67.0463276925,9.606644286666667,0.0,4
NorthEast,2011,1253968.3008333333,1120764.9841666666,133203.3166,53.31130671,1225599.9931666667,1092803.5095,132796.48364999998,441823.75686666666,73.50285850666667,65.53833567083333,10.832388314833333,0.0,4
NorthEast,2012,1269583.426,1139882.4209166665,129701.00495833333,54.06466926833334,1241771.59975,1112827.1613333332,128944.43870833334,417688.3167,74.82997080166666,67.06024247083333,10.383350775083333,0.0,4
NorthEast,2013,1263520.4285000002,1136900.78575,126619.64265833334,53.73789951333333,1233540.8691666666,1107675.5148333332,125865.35423333333,421250.1308,74.54392736416666,66.93772343083333,10.202945099166667,0.0,4
NorthEast,2014,1289519.4274166666,1169708.8897499999,119810.53779166668,55.11476626,1261487.4598333333,1142135.3396666667,119352.11984916666,389389.95689166663,76.41313863833334,69.18371345083334,9.458915124666666,0.0,4
NorthEast,2015,1276158.6745833333,1172605.67175,103553.00270666667,55.11378225666667,1238089.486,1135993.0091666665,102096.47689583333,410043.4306166666,75.12067894416667,68.92592287166667,8.247887586666666,0.0,4
NorthEast,2016,1293708.7750833333,1200571.2581666666,93137.5170625,56.22362567833333,1256921.761,1164648.3062500001,92273.45456333335,391187.405825,76.26440466166666,70.66570318833334,7.338922034583334,0.0,4
NorthEast,2017,1294906.7699166667,1219615.98025,75290.789615,56.98635109,1259695.0670833334,1184441.9070833332,75253.15989666666,386102.6830083334,76.54017785583333,71.9678951225,5.974050571916667,0.0,4
NorthEast,2018,1274393.3698333334,1211991.6374166666,62401.73260416667,56.56203509333333,1242410.4154166665,1180591.5943333332,61818.821132499994,398981.084575,75.692236085,71.9258808825,4.974882509333333,0.0,4
NorthEast,2019,1277351.8201666668,1205230.3046666665,72121.5156225,56.166093177499995,1235791.916,1164754.3608333333,71037.55526666666,401177.58389999997,75.49274013333333,71.15300291083334,5.74805636275,0.0,4
NorthEast,2020,1292322.5740833334,1215910.3706666667,76412.20337416667,56.64731643666667,1253896.1909166665,1179413.60075,74482.59012749999,376950.5592,76.88603877,72.31877700916667,5.9426406845,0.0,4
NorthEast,2021,1270252.1369166665,1198523.83725,71728.2995525,55.83945214333334,1228731.7015833333,1158184.1033333333,70547.59824666666,395435.4650833334,75.65320903166666,71.30958003333333,5.738997605083333,0.0,4
NorthWest,1993,3237294.2355833333,2892967.7010833337,344326.5344333333,54.58111943583333,3199351.964333333,2856071.9403333333,343280.0239833333,1079716.369,74.76748615416666,66.74530672,10.729488398333332,0.0,5
NorthWest,1994,3217752.7118333336,2889356.4973333334,328396.214525,54.639569573333326,3178276.4565,2851367.8618333335,326908.594525,1088965.1268333334,74.48067646916667,66.82000524916667,10.2840451275,0.0,5
NorthWest,1995,3154570.1316666664,2869986.840166667,284583.2915666667,54.34713978083334,3110868.183,2828313.89125,282554.29170833336,1148069.6503333333,73.04316786833333,66.4088439025,9.08234249975,0.0,5
NorthWest,1996,3163422.129666667,2906170.3249999997,257251.80475,55.10335916666667,3127576.1700833333,2871846.2035000003,255729.96659166669,1124488.41325,73.55438344583332,67.54022784166666,8.177036436749999,0.0,5
NorthWest,1997,3165460.4350833334,2937670.7834166666,227789.65162500003,55.76387872749999,3127110.9747499996,2900799.8543333337,226311.12036666667,1119194.02525,73.64308429,68.3134799875,7.237098247416667,0.0,5
NorthWest,1998,3149567.54025,2937308.947833333,212258.59231666665,55.722125589166666,3106758.0679166666,2895375.43075,211382.63725,1142848.0987500001,73.10698069416667,68.132815455,6.80338094375,0.0,5
NorthWest,1999,3181952.104916667,2978162.5558333336,203789.54938333333,56.534348667500005,3144033.8543333337,2941364.4173333333,202669.43685000003,1102857.8956666666,74.0313494575,69.25916984333334,6.447788075416667,0.0,5
NorthWest,2000,3205090.08475,3025771.4743333333,179318.61035,57.3245172925,3168324.434,2989503.7295833337,178820.70436666664,1087013.7326666666,74.455493085,70.2530426375,5.643709171583333,0.0,5
NorthWest,2001,3206185.7715000003,3036477.841666667,169707.929725,57.344929055,3169796.9028333332,3000737.8493333333,169059.05354999998,1097245.2638333333,74.28589091333333,70.32392569416668,5.333293353666667,0.0,5
NorthWest,2002,3227637.2455,3053717.220833333,173920.0248,57.36629442,3189794.987083333,3016393.3717500004,173401.61550833334,1099652.9295833332,74.36320863916667,70.32061015250001,5.436845422583333,0.0,5
NorthWest,2003,3290987.9424166665,3129188.680083333,161799.26224166667,58.35091257833333,3245759.794583333,3085410.6975,160349.0972,1076465.9554166666,75.09434861166666,71.38446320583334,4.940205718583333,0.0,5
NorthWest,2004,3320997.8710833336,3169879.0510833333,151118.81991666666,58.68212039,3271778.3645833335,3121468.0159166665,150310.34866666666,1083379.3020833333,75.12440757083333,71.673007395,4.5938039386666665,0.0,5
NorthWest,2005,3353643.1374166664,3199772.4845000003,153870.65284999998,58.80790729666666,3290826.693166667,3138079.0351666664,152747.65780833332,1097913.7235,74.983726105,71.50330169749999,4.641600570083333,0.0,5
NorthWest,2006,3387817.509166667,3212280.11325,175537.395975,58.602688531666665,3331638.6973333335,3157229.6492500002,174409.04788333332,1093045.4693333332,75.29607476166667,71.35470530666667,5.233626584833334,0.0,5
NorthWest,2007,3408747.443916667,3210778.3505,197969.09330833334,58.173067798333335,3348239.857416667,3151151.312333333,197088.545075,1106684.3092500002,75.15806405083333,70.73410036416666,5.886123399083334,0.0,5
NorthWest,2008,3421598.7553333337,3198009.0725,223589.68289166666,57.57550970166667,3356000.4615,3133826.355583333,222174.10601666666,1120664.4551666668,74.96656678416666,70.0040998375,6.619166332416667,0.0,5
NorthWest,2009,3457171.8683333336,3171817.5034166668,285354.3649916667,56.78494991416667,3388506.80575,3104885.436833333,283621.3689416667,1102286.69425,75.45481790916666,69.13933828666667,8.370934485666668,0.0,5
NorthWest,2010,3478340.1754166665,3194558.3294166666,283781.84598333336,56.85050177666667,3389465.2500833333,3106996.1941666664,282469.05590833334,1116431.7499166667,75.22288380833334,68.9538175025,8.333718553833334,0.0,5
NorthWest,2011,3488632.413583333,3197260.0949166664,291372.31870833336,56.575104065000005,3398586.714333333,3109095.126916667,289491.58726666664,1118053.2856666667,75.2460274125,68.83656770833333,8.517162731416667,0.0,5
NorthWest,2012,3512187.6759166666,3199631.325416667,312556.3502666667,56.397496185,3424363.26625,3114276.2425,310087.02366666665,1077052.9004166666,76.07346014333334,69.18514621916667,9.05656659875,0.0,5
NorthWest,2013,3476197.497916667,3195702.5503333337,280494.9475083333,56.16834958416666,3373707.39175,3094802.322833333,278905.06876666663,1112314.60825,75.20465694166667,68.98751722833333,8.26664245525,0.0,5
NorthWest,2014,3490821.9878333337,3247592.015583333,243229.9723,56.870409019166665,3381726.257166667,3142082.5086666667,239643.74844166668,1098354.2428333333,75.48359698833333,70.13450096166666,7.087391116,0.0,5
NorthWest,2015,3529907.2697500004,3333668.253666667,196239.01601666666,58.0770347875,3419478.623166667,3225147.7106666663,194330.91244166667,1069107.4601666667,76.18139188083333,71.85171663166666,5.685505678333333,0.0,5
NorthWest,2016,3562570.7616666667,3381833.70525,180737.05645,58.595320055,3455982.7109999997,3277530.046833333,178452.66415833333,1044894.4556666667,76.78470229583333,72.8199057475,5.163658755416667,0.0,5
NorthWest,2017,3597203.453083333,3443595.956916667,153607.49609166666,59.45157064,3479216.7167499997,3328236.865,150979.85196666667,1026317.28325,77.22092551416667,73.86993482,4.339654958666666,0.0,5
NorthWest,2018,3609237.640583333,3459759.8793333336,149477.76108333332,59.611594124166665,3495606.0233333334,3347963.023916667,147642.99944166667,1003941.726625,77.688133055,74.40684378416667,4.223672044083334,0.0,5
NorthWest,2019,3645859.0735,3498798.4340833332,147060.63944166666,60.13945933833333,3523674.9255,3378480.177416667,145194.74790833335,972440.9912333334,78.37157226583334,75.14221400166667,4.119874674416667,0.0,5
NorthWest,2020,3637467.3056666665,3479703.65525,157763.65034166668,59.7262192075,3511178.7105,3355389.2840833333,155789.426575,978377.1227166667,78.20724688916667,74.7372053825,4.439125843083333,0.0,5
NorthWest,2021,3574812.06075,3406188.2586666667,168623.80198333334,58.396786410000004,3450966.9112500004,3285754.186666667,165212.72455,1030732.7554166666,77.00116634833333,73.31466113166667,4.7875977125833336,0.0,5
SouthEast,1993,3926889.501833333,3603206.8176666666,323682.68416666664,60.04035685333333,3844475.2076666667,3523662.9281666665,320812.2794666667,968360.2089083333,79.87958053416666,73.21375168499999,8.344971934750001,0.0,6
SouthEast,1994,3932826.5427499996,3648011.0558333336,284815.487,60.554656774166666,3851817.1166666667,3569372.9894999997,282444.127125,977937.38325,79.75225332583334,73.90391490916666,7.332162350666667,0.0,6
SouthEast,1995,3964577.891666667,3703428.61275,261149.27881666666,61.08872167083334,3884545.210333333,3625737.9416666664,258807.268775,974715.1229333333,79.94025756666666,74.61395234583334,6.66391704475,0.0,6
SouthEast,1996,4019968.0455833334,3775985.979916667,243982.06562500002,61.901011751666665,3942907.8093333333,3700694.1643333337,242213.644875,946199.6074416667,80.64669864583333,75.69204277,6.14382079375,0.0,6
SouthEast,1997,4049230.6659166664,3846700.042,202530.62396666667,62.60996546333333,3968433.8267500005,3767451.8524166667,200981.97433333332,956973.9233666667,80.57078940166666,76.4899172,5.064791551583333,0.0,6
SouthEast,1998,4092960.9574166667,3915156.31,177804.64718333332,63.343607405,4008902.4996666666,3833197.8548333333,175704.64480833334,945949.917,80.90776943333333,77.36150258666667,4.3835155627499995,0.0,6
SouthEast,1999,4139168.5230833334,3977820.0536666666,161348.46915,63.862700755,4054638.46325,3895300.4741666666,159337.98915,941867.28675,81.14978391416666,77.96082946916667,3.929658388083333,0.0,6
SouthEast,2000,4171262.7937499997,4029904.6677499996,141358.12603333333,64.30708653333333,4081352.92025,3941797.0105833337,139555.90987499998,946644.3295916667,81.17284714166667,78.39701789916667,3.419311649666667,0.0,6
SouthEast,2001,4182696.0136666666,4044589.848416667,138106.16524166666,64.175317795,4092195.0931666666,3956196.151833333,135998.941425,962643.5734333334,80.95599166416666,78.26553599666667,3.3232785777500005,0.0,6
SouthEast,2002,4219523.826,4059010.7616666667,160513.0643,64.104710305,4119602.1933333334,3960527.5545,159074.638875,956192.223225,81.16185020249999,78.0280353875,3.8611458465833333,0.0,6
SouthEast,2003,4216267.167333334,4052581.95525,163685.212225,63.59124708583334,4117099.629666667,3955625.1282499996,161474.50146666667,990355.7037083333,80.61005086,77.44845054833333,3.922013055083333,0.0,6
SouthEast,2004,4221497.146416667,4065074.6808333336,156422.46560833332,63.30774215,4120607.0175833334,3965254.257416667,155352.76016666667,1024795.9824166666,80.08322712416667,77.06369430166667,3.770623077333333,0.0,6
SouthEast,2005,4286636.838416667,4119880.7900833334,166756.0484,63.507762965000005,4177893.9605,4013529.7106666663,164364.24981666668,1022725.1228333333,80.334073675,77.17392738333334,3.9333794518333334,0.0,6
SouthEast,2006,4362416.816083333,4168578.8698333334,193837.94602499998,63.60488962083334,4248311.895916667,4056765.30625,191546.589525,1010636.0207333333,80.78297296416666,77.14064034083333,4.508116623083333,0.0,6
SouthEast,2007,4395872.239333333,4200111.3505833335,195760.88859999998,63.389924307499996,4281629.665916666,4088206.623166667,193423.04254166665,1032403.50075,80.57166825333333,76.9318607875,4.517341084666667,0.0,6
SouthEast,2008,4459161.924666666,4267132.257083333,192029.66760000002,63.757545725,4335219.074,4147444.7900833334,187774.28398333336,1020327.9260333333,80.94819558166667,77.44242127416666,4.331012170416667,0.0,6
SouthEast,2009,4452758.440666667,4196153.5705,256604.87010000003,62.1550926525,4321089.06025,4068095.8138333336,252993.24645833333,1062840.0230833332,80.25925404833333,75.56076294500001,5.854887902333334,0.0,6
SouthEast,2010,4477189.7135,4200526.490083333,276663.223525,61.588916060833334,4336443.2645000005,4064790.4784166664,271652.78620000003,1083504.8188333332,80.0088815725,74.99677739833334,6.26422874325,0.0,6
SouthEast,2011,4485797.005583334,4217016.251999999,268780.75379166665,61.284462905,4330962.41875,4064369.999333333,266592.419275,1113195.6645833333,79.552647245,74.65579637666666,6.155418407166667,0.0,6
SouthEast,2012,4511928.478416666,4224473.730083333,287454.7485583333,60.917920189166665,4352916.536416667,4068428.538166667,284487.99820833333,1089270.1302500002,79.98469157666666,74.75724304166667,6.5352543724166665,0.0,6
SouthEast,2013,4569203.1466666665,4292614.285333334,276588.8612333333,61.41534854416667,4391364.043416667,4118534.524666667,272829.51879166666,1057274.7065833334,80.595515225,75.58793031416667,6.2144725623333334,0.0,6
SouthEast,2014,4612293.679166666,4394905.70525,217387.97392500003,62.317442895,4394824.2935833335,4180940.03875,213884.2546,1075494.8730833333,80.33951924416667,76.42943103750001,4.8668334411666665,0.0,6
SouthEast,2015,4632326.744333333,4440343.379500001,191983.36479999998,62.42813526916667,4425886.256333333,4237069.307333333,188816.94909166664,1072907.577,80.48808112666667,77.05401359583333,4.26709830825,0.0,6
SouthEast,2016,4675850.053,4505043.935083333,170806.117975,62.82442306083333,4485044.439083333,4317586.938416666,167457.50073333332,1042798.39425,81.135576645,78.10606210083334,3.733783257166667,0.0,6
SouthEast,2017,4739762.06225,4584437.7965,155324.26555833334,63.57101255333333,4541948.71975,4389394.736583333,152553.983125,1000817.61355,81.94344141916666,79.19103698583334,3.3598725005,0.0,6
SouthEast,2018,4723067.488333333,4557843.560916667,165223.92756666665,62.79929245333333,4524056.190666667,4360836.793666666,163219.39688333333,1034875.1426666667,81.38372100333333,78.44749428166666,3.6080083668333334,0.0,6
SouthEast,2019,4791788.750583333,4644715.213666667,147073.5370583333,63.60669915,4569684.04175,4424615.230083333,145068.81145833334,1003878.7916,81.98833056416667,79.3855590275,3.1745778985000004,0.0,6
SouthEast,2020,4796795.08975,4628187.759666666,168607.33003333333,63.07089646,4580545.51925,4414703.150583333,165842.368525,1001938.4807416666,82.05216188416667,79.08155458750001,3.621678924583333,0.0,6
SouthEast,2021,4750601.42825,4565141.913583334,185459.51461666668,61.955817278333335,4543294.376083333,4362331.898333333,180962.47763333333,1044283.45725,81.31060641833334,78.07206686916668,3.982430236666667,0.0,6
SouthWest,1993,2327239.8550833333,2118648.73375,208591.12126666668,56.82594949166667,2278378.5615,2072083.4270000001,206295.13453333333,618260.6885916666,78.655951695,71.53379828,9.054772927583334,0.0,7
SouthWest,1994,2340521.626,2156498.19025,184023.435525,57.619492092499996,2299469.6611666665,2117462.8098333334,182006.85129166665,606121.7556166666,79.1392129175,72.87510297333334,7.9157884595,0.0,7
SouthWest,1995,2352618.0999166667,2175678.76075,176939.33884166667,57.83436782583333,2304248.11325,2128542.5245833336,175705.58853333336,614314.9700583332,78.95140197666666,72.93103096583333,7.625344130999999,0.0,7
SouthWest,1996,2355070.479,2200914.1313333334,154156.34775,58.252115975,2305327.3749166667,2151990.5084166666,153336.86649166667,624143.2085000001,78.69387616,73.45939902083333,6.651382296833333,0.0,7
SouthWest,1997,2403713.9944166667,2271319.7725,132394.22196666666,59.691753543333334,2350518.65575,2219915.84075,130602.81485000001,600788.760975,79.643478605,75.21771128583333,5.556290977,0.0,7
SouthWest,1998,2414060.574833333,2299261.2554166666,114799.31938333334,60.069088449166664,2361018.402166667,2247144.316166667,113874.08603333333,607090.5145083334,79.54619484333334,75.7095488475,4.823128106333333,0.0,7
SouthWest,1999,2443986.14575,2334011.47625,109974.66968333333,60.551269866666665,2386257.7795833335,2277043.185583333,109214.59403333334,603813.3871333334,79.8064515625,76.153377175,4.57662571,0.0,7
SouthWest,2000,2466416.9906666665,2364626.1398333334,101790.85087750001,60.827673235,2415215.1965,2313853.5015833336,101361.69503083335,603056.4700583334,80.01938376916667,76.66087882833334,4.1973600705,0.0,7
SouthWest,2001,2474350.686833333,2383678.4527499997,90672.23418000001,60.85781247166667,2424648.69975,2335020.90425,89627.7953225,616445.0503416667,79.7294747975,76.78202469916667,3.69678348975,0.0,7
SouthWest,2002,2512734.103416667,2418149.57875,94584.52475416666,61.19814332666667,2455790.2360833334,2361785.9294166667,94004.30657,612258.5972416666,80.0432064675,76.97963149,3.8264689950833333,0.0,7
SouthWest,2003,2521876.7224999997,2435429.753916667,86446.96839833334,61.11163293333333,2455935.6483333334,2370398.858916667,85536.78950333333,638607.85155,79.36382263583333,76.59907449,3.48305574375,0.0,7
SouthWest,2004,2541693.859333333,2459368.48875,82325.37065333333,61.137870957500006,2477225.935416667,2396687.4920833334,80538.443205,647144.8979833333,79.28775986416666,76.7102139575,3.25103384475,0.0,7
SouthWest,2005,2580064.1724166665,2488154.6435833336,91909.52889166668,61.12977337499999,2513425.3895833334,2422588.69975,90836.68974666666,651336.0271416666,79.4202308575,76.55022640166666,3.6142747458333333,0.0,7
SouthWest,2006,2601830.899333333,2505065.2878333335,96765.611235,60.93497527916667,2534252.297,2438629.3318333332,95622.96505833334,665217.1196333333,79.20825799083333,76.21969542166666,3.7729253015000004,0.0,7
SouthWest,2007,2635646.0764166666,2533872.3096666667,101773.76678166667,60.9440069675,2568379.6714999997,2467626.18875,100753.48275000001,666137.1617666667,79.404741335,76.28954663916666,3.9235671223333335,0.0,7
SouthWest,2008,2673034.4277500003,2565713.0254166666,107321.40234416666,61.203091835,2597160.6091666664,2491663.1380833336,105497.47109083332,654267.55755,79.877531565,76.63307250166666,4.061518999833333,0.0,7
SouthWest,2009,2673599.20725,2510556.9988333336,163042.20849166668,59.54220872916667,2587366.882583333,2426407.57875,160959.30405833333,668872.7006416667,79.4592072425,74.51621625666667,6.224795272416666,0.0,7
SouthWest,2010,2675228.1558333333,2516039.6479166667,159188.50806666666,59.2275878975,2570482.3605833333,2414307.2121666665,156175.14814166666,695986.8062416667,78.69258027416667,73.91136816166666,6.076552171833334,0.0,7
SouthWest,2011,2683679.0055,2512825.5390000003,170853.46644166668,58.6777249925,2582753.51925,2413685.4265,169068.092725,694024.397475,78.820033795,73.66050371416667,6.546542050916667,0.0,7
SouthWest,2012,2689573.3948333333,2532044.742583333,157528.65224166666,58.6925086525,2583348.46075,2427833.4681666666,155514.99251666668,688568.1226916667,78.95536698083333,74.20244584916666,6.02142978225,0.0,7
SouthWest,2013,2710791.4520833334,2542773.0654166667,168018.38654166667,58.493626230833335,2601816.40975,2436802.4395,165013.97021666667,671407.7569083333,79.48779163333333,74.44650353333333,6.341603068583333,0.0,7
SouthWest,2014,2747578.76975,2613821.007583333,133757.76224166667,59.624519248333335,2627778.5820833333,2496328.047,131450.53486666668,653872.7513916667,80.07483795083333,76.06898458833332,5.002542454916667,0.0,7
SouthWest,2015,2807540.2624166664,2690485.41975,117054.842725,60.828768948333334,2674499.0910833334,2559459.4110833337,115039.67997499999,622894.5756166667,81.10916172916667,77.620048545,4.302374499083333,0.0,7
SouthWest,2016,2813308.4834166667,2702924.7636666666,110383.71959333333,60.63006205166667,2667494.645,2558998.9370833333,108495.70791583334,643632.771725,80.56136608,77.28456978416666,4.067239069666667,0.0,7
SouthWest,2017,2854765.2883333336,2751916.2753333333,102849.01304583333,61.29585527083333,2705175.2171666664,2603617.54825,101557.66890666667,617539.3661333333,81.41467012,78.35824667416667,3.7544985808333333,0.0,7
SouthWest,2018,2878525.6835,2789089.65325,89436.03026666667,61.8124605075,2720491.7104166667,2633437.5278333332,87054.18251416666,604567.8730083333,81.81783541,79.19969380083334,3.199186929,0.0,7
SouthWest,2019,2902955.07475,2826635.55625,76319.51828,62.274156776666665,2750063.363,2675416.94975,74646.41332083334,581214.7202833333,82.55267858666666,80.31191265083334,2.7145229433333333,0.0,7
SouthWest,2020,2859483.2160833334,2751887.0346666668,107596.1812475,60.325143188333335,2702526.9056666666,2596800.2916666665,105726.61390083334,633633.0110333334,81.00729348583333,77.83828594083333,3.916776466583334,0.0,7
SouthWest,2021,2839275.1069166665,2740969.1459166664,98305.96081666666,59.85037080666667,2687398.821,2591167.4888333334,96231.33203166666,650216.3457083333,80.51803948833333,77.63454977333333,3.5827914635,0.0,7
WestMidlands,1993,2565464.47475,2264033.9686666667,301430.506075,55.48285803916667,2527567.658,2227486.662916667,300080.99501666665,777097.7587166666,76.48506137416668,67.40467180333333,11.8736553675,0.0,8
WestMidlands,1994,2574331.8678333336,2318419.194,255912.67387499998,56.86166204666667,2534888.742416667,2280670.1813333333,254218.5612,762240.5074916667,76.8816335625,69.17159922166667,10.026546996916666,0.0,8
WestMidlands,1995,2559099.56175,2335797.1194166667,223302.44215000002,57.223458064166664,2517376.2516666665,2296123.684,221252.56746666666,779369.8317416668,76.35938851666667,69.64814059583334,8.7890711815,0.0,8
WestMidlands,1996,2564881.25075,2344034.4385833335,220846.81219166666,57.32364020333333,2528939.516083333,2309102.4423333337,219837.0736166667,770365.1505999999,76.65070497583334,69.98760036916667,8.692106444916666,0.0,8
WestMidlands,1997,2561877.83025,2383145.2136666668,178732.61644166664,58.2336876775,2527789.3096666667,2350072.7879166664,177716.52162500002,770573.107125,76.63769817166666,71.24965686416667,7.03098155125,0.0,8
WestMidlands,1998,2580039.5459166667,2418218.7828333336,161820.76281666665,58.974339002499995,2542210.45175,2381832.0590833332,160378.39280833333,760371.6314583333,76.9763643475,72.12019590416666,6.308812497166667,0.0,8
WestMidlands,1999,2586688.5495,2412784.3445,173904.20489999998,58.77356780416667,2549713.3349166666,2376957.83175,172755.50328333332,756095.1650583333,77.12828083583334,71.90245093333333,6.7755384940833325,0.0,8
WestMidlands,2000,2555301.28075,2399956.7484166664,155344.53224166666,58.388760608333335,2517395.8940833337,2363366.2270833333,154029.66716666668,791190.9391166667,76.08685146083333,71.43135245416667,6.118164056166666,0.0,8
WestMidlands,2001,2568314.8215833334,2426859.117666667,141455.70385833332,58.790686064999996,2530280.7778333332,2389666.29575,140614.48205833332,790194.8887833334,76.20216689416667,71.96730814749999,5.55739424275,0.0,8
WestMidlands,2002,2606285.96125,2456776.1660833335,149509.79518333334,59.16276404083334,2561332.55675,2413398.9085,147933.64839166668,776642.6098416667,76.73284013583333,72.30112264833333,5.775355938250001,0.0,8
WestMidlands,2003,2603409.1105,2452430.8843333335,150978.22615833333,58.6749563875,2561502.3334166664,2411397.6848333334,150104.64840833333,796760.7500166666,76.27539567083333,71.80558147166667,5.8598517252499995,0.0,8
WestMidlands,2004,2620029.2171666664,2482060.470583333,137968.746475,59.013493897500005,2579312.0965833333,2441933.633,137378.46336666666,798312.986775,76.36427222083334,72.29658773333334,5.327403193166666,0.0,8
WestMidlands,2005,2645434.1566666667,2520068.1021666666,125366.05445,59.448483579999994,2593962.394,2469524.7119166665,124437.68205,810471.772675,76.19430178833333,72.53939676583333,4.7973605235,0.0,8
WestMidlands,2006,2684732.156,2529390.1929166666,155341.96304166666,59.16883393083333,2625332.0995833334,2471245.4719999996,154086.6276,809445.0671583334,76.43342641583332,71.94819737499999,5.867590863333334,0.0,8
WestMidlands,2007,2695285.53925,2523286.7275833334,171998.81183333334,58.51976401833334,2632625.3268333334,2461546.938,171078.388925,829729.4231166666,76.03548994916666,71.0941880425,6.498354038583333,0.0,8
WestMidlands,2008,2695137.8976666667,2520870.3455000003,174267.55207499999,57.94448287833333,2636705.0060833334,2462893.3330833334,173811.67296666667,849064.9104999999,75.64245664666667,70.65661504333333,6.592189506666667,0.0,8
WestMidlands,2009,2728646.4693333334,2466018.1890833336,262628.2800166667,56.29509486833334,2662977.5486666667,2402401.0389166665,260576.50974166664,834009.4513750001,76.15052901,68.6992337625,9.78233654575,0.0,8
WestMidlands,2010,2730744.288,2486517.5999166667,244226.68818333335,56.3285800875,2664654.2083333335,2421630.6196666667,243023.58878333334,847105.5416833333,75.87814952000001,68.95797383666667,9.12149633075,0.0,8
WestMidlands,2011,2713279.5811666665,2465414.7793333335,247864.801825,55.40510409750001,2637723.79675,2392182.5373333334,245541.25960833335,890451.2031583333,74.76183518333333,67.802187295,9.308554847416667,0.0,8
WestMidlands,2012,2771422.8641666668,2528979.80475,242443.05939166667,56.4760811775,2685186.3035,2445277.8384166667,239908.46499166664,843585.0298166666,76.09410815416668,69.29548469583334,8.933036421333334,0.0,8
WestMidlands,2013,2806047.8590833335,2547466.4444999998,258581.41465833332,56.556957175,2705511.8337499998,2448876.7736666664,256635.060325,826043.582875,76.60993169666666,69.34286723916667,9.484075730666667,0.0,8
WestMidlands,2014,2777840.9875000003,2573761.5152499997,204079.47221666668,56.76001813333334,2682211.2313333335,2479578.9768333333,202632.25433333335,858139.3520666667,75.76133297166668,70.03733336250001,7.554003464666667,0.0,8
WestMidlands,2015,2779955.865,2614392.132416667,165563.73253333333,57.234899104166665,2691449.4286666666,2526362.8660833333,165086.56236666665,865628.5714666666,75.66499749666667,71.0233878925,6.132413159166667,0.0,8
WestMidlands,2016,2847902.7188333333,2685130.1823333334,162772.53659166666,58.26605893666667,2741844.7521666666,2580251.619,161593.133075,840752.16445,76.53137092416667,72.02090027083334,5.893821565500001,0.0,8
WestMidlands,2017,2857094.9876666665,2697127.3224166664,159967.66504166668,58.09355118833333,2762113.4863333334,2603834.6760833333,158278.81024166665,840956.6803,76.65987190666667,72.2668878525,5.731141010583333,0.0,8
WestMidlands,2018,2920409.1410833336,2776196.24675,144212.89426666667,59.600997022499996,2805629.0744166668,2662134.032583333,143495.04184166665,798011.4256166667,77.85552096416667,73.87360552416666,5.115312538166667,0.0,8
WestMidlands,2019,2942645.594416667,2807509.5615,135136.03294166666,60.00312387916667,2826669.1426666663,2692093.9914166667,134575.151125,783054.1074,78.30691102749999,74.57858402916666,4.761211009499999,0.0,8
WestMidlands,2020,2937362.0940833334,2786234.7884166664,151127.30585,59.3252046975,2834499.6631666664,2683600.9495,150898.71375833332,780756.920175,78.40376530166667,74.22995375666666,5.32335409725,0.0,8
WestMidlands,2021,2940469.133,2783374.095583333,157095.03731666665,59.07541269666667,2835523.0362500004,2680538.319,154984.7171,783646.8805166666,78.34706650833333,74.0642901925,5.468404085833334,0.0,8
YorkshireandTheHumber,1993,2411776.9931666665,2165333.1639166665,246443.82924999998,56.05423266666667,2380457.5864999997,2134666.2648333334,245791.32160833335,731296.4969083333,76.4988807675,68.60001360333332,10.325386640833333,0.0,9
YorkshireandTheHumber,1994,2387875.5245833336,2154937.6873333333,232937.8371583333,55.83888371083333,2354631.34575,2122594.1076666666,232037.23810833335,753121.4043083334,75.76629387166666,68.29997056416667,9.853537339166666,0.0,9
YorkshireandTheHumber,1995,2383016.6903333333,2177811.90225,205204.78807500002,56.43819301833333,2355210.6330833333,2150423.6050833333,204787.027875,750079.6169416667,75.84513044333333,69.25037152666667,8.695833427,0.0,9
YorkshireandTheHumber,1996,2372990.4798333333,2177226.9459166666,195763.534125,56.40044786833334,2345813.531,2151591.684,194221.84715833332,759858.21885,75.5332162475,69.2794425675,8.280468945416667,0.0,9
YorkshireandTheHumber,1997,2359926.3380833333,2179127.1004166664,180799.23775,56.452442669166665,2327865.518166667,2147684.6815,180180.836575,777518.481825,74.96224587083333,69.16003943,7.739874424666667,0.0,9
YorkshireandTheHumber,1998,2366262.05475,2196926.82425,169335.23031666668,56.883224185833335,2338854.879833333,2170009.7305833334,168845.14928333333,767909.453475,75.282616355,69.84786591666666,7.219209188083333,0.0,9
YorkshireandTheHumber,1999,2379259.3534999997,2226681.47075,152577.882475,57.608334284166666,2348672.5675833332,2196396.860083333,152275.707525,760818.2657083333,75.53239651833333,70.63517176416667,6.48279556425,0.0,9
YorkshireandTheHumber,2000,2409846.784916667,2261808.95925,148037.82589166667,58.38041564416667,2375961.296833333,2228578.5053333333,147382.79149166666,740735.5364666666,76.23299181333333,71.504141485,6.203908369083333,0.0,9
YorkshireandTheHumber,2001,2395318.7469166666,2267351.6320833336,127967.11494166666,58.17180555583334,2368312.1244166666,2240921.8685,127390.25614999999,767222.1254666667,75.53203908249999,71.46893431666668,5.378217455333334,0.0,9
YorkshireandTheHumber,2002,2415178.8780833334,2287850.0600833334,127328.81784999999,58.22512146666667,2380960.9535000003,2254788.5674166665,126172.38614999999,780149.5464416667,75.32005787583334,71.32866479916667,5.299188526083333,0.0,9
YorkshireandTheHumber,2003,2457728.7347500003,2333723.7639166666,124004.97080833332,58.87324045916666,2423764.481166667,2300256.4601666667,123508.02109166665,765725.0188166667,75.99167159416668,72.11918735833333,5.095560160333333,0.0,9
YorkshireandTheHumber,2004,2490862.560666667,2376017.43375,114845.12693333333,59.317043717500006,2455260.987583333,2340922.1708333334,114338.81663333334,770419.8458333333,76.11604375083333,72.57101055333334,4.657405221166667,0.0,9
YorkshireandTheHumber,2005,2519636.3886666666,2400673.1895,118963.199225,59.26807699416667,2486762.2569999998,2368265.11675,118497.14043333333,778842.7429,76.150055525,72.52192895416667,4.76386280825,0.0,9
YorkshireandTheHumber,2006,2561765.4009166667,2416190.9259166666,145574.47484166667,59.1901288775,2523727.641333333,2378880.33775,144847.30364166666,770012.6086083334,76.62228385666667,72.22504619166666,5.739330154583333,0.0,9
YorkshireandTheHumber,2007,2556715.4351666667,2413286.720833333,143428.71435,58.66088374333333,2511042.5934166666,2368921.5251666666,142121.068225,808820.8232583334,75.63700864666667,71.35558876500001,5.6600739175833334,0.0,9
YorkshireandTheHumber,2008,2590590.813916667,2436940.2843333334,153650.529525,58.7687767425,2540617.0848333333,2387887.7264166665,152729.35855833333,801722.6651416667,76.01302476666667,71.44424109583333,6.009381863666667,0.0,9
YorkshireandTheHumber,2009,2596002.50275,2378700.822666667,217301.6800833333,57.0176120225,2541460.0425,2325345.4649166665,216114.57770833335,812305.2073499999,75.779242255,69.33565870916667,8.50262841325,0.0,9
YorkshireandTheHumber,2010,2612890.6766666663,2373420.305083333,239470.37175000002,56.513563938333334,2552514.1079166667,2313758.2450833335,238755.86294166665,813778.225425,75.82612620916666,68.73351266,9.352965889833333,0.0,9
YorkshireandTheHumber,2011,2606036.651,2365373.8056666665,240662.84546666665,55.95503903,2536937.338916667,2298001.267,238936.0717166667,840012.6612,75.12515987916667,68.0496679475,9.416765033166667,0.0,9
YorkshireandTheHumber,2012,2648761.2945,2405271.2572500003,243490.0373333333,56.588768512499996,2583240.806,2340589.3094166666,242651.49659166668,788973.0272750001,76.60401672166667,69.408446665,9.393701709833334,0.0,9
YorkshireandTheHumber,2013,2681962.9059166666,2446722.4114166666,235240.4945,57.326600147499995,2610036.0855,2376416.61925,233619.4663666667,755948.2477333333,77.5416663125,70.60113069,8.9514519,0.0,9
YorkshireandTheHumber,2014,2686774.6731666666,2485781.390583333,200993.28249166664,58.007004611666666,2614251.2976666666,2414640.26575,199611.0318,748290.4524249999,77.74630185,71.80994703416667,7.634407299416666,0.0,9
YorkshireandTheHumber,2015,2668759.95725,2499499.4566666665,169260.5004,58.01629300166667,2582664.2665833333,2415243.5051666666,167420.76150833335,786418.7334249999,76.6579468675,71.68855179250001,6.482224408333334,0.0,9
YorkshireandTheHumber,2016,2697166.1725,2543006.4461666667,154159.72623333332,58.701862561666665,2606180.01425,2453288.85175,152891.16241666666,771678.0690916666,77.15461287833334,72.62818767166667,5.868342013666666,0.0,9
YorkshireandTheHumber,2017,2685460.2105833334,2552230.3249999997,133229.88545,58.69423912583333,2608579.7488333336,2477582.1492500002,130997.59953333333,772415.4179166667,77.15421511416666,73.279675365,5.0216601485,0.0,9
YorkshireandTheHumber,2018,2714167.337416667,2585269.0860833335,128898.25133333333,59.27334337083334,2628298.2465833332,2499856.658333333,128441.58815000001,752165.6701000001,77.749641755,73.95011005416667,4.886084554833333,0.0,9
YorkshireandTheHumber,2019,2712923.7381666666,2588577.7979166666,124345.94026666666,59.1662387325,2619162.544583333,2496192.9861666667,122969.558425,760379.7053916667,77.50049419583333,73.86185735583332,4.69236727775,0.0,9
YorkshireandTheHumber,2020,2690823.624166667,2565301.7756666667,125521.84855,58.5205612225,2599716.1913333335,2476967.5239999997,122748.667375,776018.642,77.01189564666667,73.3756240725,4.720164645166666,0.0,9
YorkshireandTheHumber,2021,2670025.6481666667,2544949.8678333336,125075.78023749999,57.971041837499996,2572313.878583333,2450004.504833333,122309.37375166667,797667.1214833333,76.33045810333333,72.70083006833333,4.752438177416667,0.0,9
